Names,emails,Country,Time Spent on Site,Salary,Clicked
Martina Avila,cubilia.Curae.Phasellus@quisaccumsanconvallis.edu,Bulgaria,25.64964796,55330.06006,0
Harlan Barnes,eu.dolor@diam.co.uk,Belize,32.4561067,79049.07674,1
Naomi Rodriquez,vulputate.mauris.sagittis@ametconsectetueradipiscing.co.uk,Algeria,20.9459779,41098.60826,0
Jade Cunningham,malesuada@dignissim.com,Cook Islands,54.03932483,37143.35536,1
Cedric Leach,felis.ullamcorper.viverra@egetmollislectus.net,Brazil,34.24972885,37355.11276,0
Carla Hester,mi@Aliquamerat.edu,Liberia,52.009946,80642.65222,1
Griffin Rivera,vehicula@at.co.uk,Syria,42.88136962,61908.39815,1
Orli Casey,nunc.est.mollis@Suspendissetristiqueneque.co.uk,Czech Republic,25.67691961,29851.41153,0
Marny Obrien,Phasellus@sedsemegestas.org,Armenia,40.69823258,34281.11878,1
Rhonda Chavez,nec@nuncest.com,Somalia,29.68736186,41098.87881,0
Jerome Rowe,ipsum.cursus@dui.org,Sint Maarten,33.27257201,54127.01715,0
Akeem Gibson,turpis.egestas.Fusce@purus.edu,Greenland,34.53089789,30221.93714,0
Quin Smith,nulla@ipsum.edu,Nicaragua,25.31369521,43763.99758,0
Tatum Moon,Cras.sed.leo@Seddiamlorem.ca,"Palestine, State of",46.54070821,48663.49468,1
Sharon Sharpe,eget.metus@aaliquetvel.co.uk,United Arab Emirates,37.71658186,64695.977,1
Thomas Williams,aliquet.molestie@ut.org,Gabon,25.05678222,17759.93385,0
Blaine Bender,ultrices.posuere.cubilia@pedenonummyut.net,Tokelau,41.09596023,49463.3813,1
Stephen Lindsey,erat.eget.ipsum@tinciduntpede.org,Portugal,24.76156334,38484.42318,0
Sloane Mann,at.augue@augue.net,Chad,48.87017547,34774.44407,1
Athena Wolf,volutpat.Nulla.facilisis@primis.ca,Iraq,27.83383193,51644.4933,0
Blythe Romero,Sed.eu@risusNuncac.co.uk,Sudan,17.10357571,61661.76519,0
Zelenia Byers,auctor.non@sapien.co.uk,Angola,25.59779568,53630.76377,0
Nola Wiggins,Aliquam@augue.edu,Nigeria,42.24918966,32215.0995,1
Micah Wheeler,arcu.eu@tincidunt.org,Madagascar,37.13592176,51733.65722,1
Caryn Hendrix,condimentum.Donec@duiCum.com,Macedonia,32.44311107,51677.69904,0
Hedda Miranda,scelerisque@magnased.com,Oman,19.93667384,34263.78853,0
Ulric Lynn,sociis@vulputateveliteu.com,Colombia,39.82053932,70503.3132,1
Alma Pope,Nunc.mauris.Morbi@turpis.org,Namibia,30.728855,67022.27302,1
Gemma Hendrix,lobortis@non.co.uk,Denmark,24.04358267,36474.7097,1
Castor Wood,velit.Pellentesque@Nulla.net,Dominican Republic,39.05603564,29178.36101,0
Herman Stevenson,sociosqu.ad.litora@erat.com,Costa Rica,31.24695278,76064.38371,1
Adrienne Bolton,dictum@magnaPraesent.ca,Botswana,36.05739686,65202.91009,1
Dahlia Cleveland,tincidunt.tempus@idsapien.co.uk,Saint Pierre and Miquelon,19.91097364,32894.52109,0
Keane Browning,Curabitur@acipsumPhasellus.co.uk,France,22.45597721,47770.07031,0
Quon Hull,nascetur.ridiculus.mus@dignissim.co.uk,Senegal,36.76571584,53464.42638,0
Coby Charles,nec@dolornonummyac.com,Cambodia,35.9575676,23683.30775,0
Amery Cortez,semper.et.lacinia@Morbiquisurna.ca,Suriname,41.98992623,54726.99451,1
Uriel Bradshaw,ultrices@Integersemelit.com,Turkey,34.54167504,78156.46437,1
Fredericka Sanders,Curabitur@Infaucibus.ca,Ethiopia,24.8281717,43126.91714,0
Christopher Stevens,blandit.enim@lacusvariuset.org,French Guiana,38.59167327,54524.27494,1
Rachel Ashley,tincidunt.tempus.risus@posuerecubiliaCurae.co.uk,Turkey,30.51549302,12066.01669,0
Lael Wright,a@consequatpurusMaecenas.com,Bhutan,28.94486995,29899.4691,0
Ryder Shaffer,Phasellus.dapibus.quam@inhendrerit.ca,Georgia,40.98396284,45591.45412,1
Eric Noel,lacinia.at.iaculis@Fuscefermentumfermentum.edu,Mozambique,27.6038406,32242.32399,0
Tamara Guy,nec.eleifend@orci.org,Nauru,19.08930322,39279.88929,0
Quincy Bell,in@Duisgravida.co.uk,Timor-Leste,18.88158576,52518.99513,0
Lee Taylor,Vivamus.nisi.Mauris@miAliquam.co.uk,Djibouti,20.7144638,33993.05218,1
Kenneth Pope,vitae.sodales.at@molestiearcuSed.org,Argentina,27.40380951,48026.02277,0
Reese Vance,egestas@malesuadavelvenenatis.com,Taiwan,39.0490584,73516.57887,1
Quon Carroll,sodales@pharetra.com,Åland Islands,36.29675049,29354.82483,1
Magee Davidson,Quisque@tempor.net,Turks and Caicos Islands,38.80675882,61298.9152,1
Leilani Gross,dignissim@mollisDuissit.org,Samoa,26.24438241,61347.16658,0
Morgan William,sociis.natoque.penatibus@uterat.ca,Vanuatu,20.77689122,25642.64186,0
Francesca Cervantes,leo@sitametdapibus.edu,Mongolia,26.00979988,36948.3513,0
Rafael Peterson,lectus.a.sollicitudin@tortorat.net,Sri Lanka,60,76499.11935,1
Roanna Knox,dolor.nonummy@metusurnaconvallis.net,Guinea-Bissau,27.43202822,40814.47633,0
Marny Vargas,nonummy.Fusce.fermentum@ligula.org,Egypt,26.38762215,37080.27883,0
Charlotte Waller,odio@Nuncac.org,Slovenia,47.0705902,80709.83902,1
Dorian Hernandez,conubia.nostra.per@diam.co.uk,Benin,41.80763973,79523.57477,1
Armando Hensley,Class.aptent@torquentper.com,Cape Verde,36.80881022,81282.41224,1
Rowan Kidd,sapien.Aenean.massa@adipiscing.ca,Paraguay,29.84320393,100000,1
Gwendolyn Rice,Duis@metusIn.com,Laos,41.96283572,63479.25557,1
Gareth Morris,est.Nunc.laoreet@nullavulputatedui.edu,Iceland,42.90845702,55896.75063,1
Sawyer Carney,erat.Sed@Phasellus.ca,Iceland,31.51837345,35277.25683,0
Raya Shields,tincidunt.aliquam@orciluctuset.com,Viet Nam,44.44928606,78039.78813,1
Olga Serrano,risus@urnasuscipitnonummy.edu,Marshall Islands,38.65205041,57793.42565,1
Yuli Craig,lobortis.quis.pede@Seddiam.com,Germany,29.8597461,49464.23152,0
Lev Kramer,eu.odio@tristique.org,Kyrgyzstan,31.8710838,56862.71755,1
Nissim Acosta,enim@at.net,Mauritius,35.12430594,71480.48003,1
Miranda Berry,lorem@necmauris.ca,Gambia,43.62297928,43938.77658,0
Owen Jacobson,ac.orci@Etiamimperdietdictum.edu,"Palestine, State of",27.80474308,38651.13022,0
Marvin Becker,congue.elit@vestibulumneceuismod.ca,Reunion,41.45757766,75923.24992,1
Davis Scott,neque@variusultricesmauris.edu,Jordan,26.41024062,55388.71453,0
Matthew Colon,facilisis@Nullainterdum.edu,Slovakia,24.70853208,58164.59682,0
Quinlan Harris,libero.nec@adipiscing.org,Kiribati,38.24196295,52840.91311,0
Hedley Greene,eleifend@felis.org,United States Minor Outlying Islands,53.07390737,65344.84072,1
Orson Kirby,cursus@nectellus.co.uk,Puerto Rico,38.16548743,28728.32036,0
Adria Mathis,Aliquam.rutrum.lorem@Donec.net,Guinea,26.4081753,28349.21118,0
Peter Stout,dictum.mi.ac@semperrutrumFusce.com,Guam,19.84569165,19295.77075,0
Cleo Moore,pede.et@Sedeu.com,China,46.46722628,68987.70835,1
Cally Montoya,sit@pedeCum.ca,Sierra Leone,27.87075416,23552.76527,0
Ila Farrell,lacus@velit.edu,Sint Maarten,37.62506904,51037.35333,1
Abel Stanton,eu.lacus.Quisque@congue.edu,Ecuador,15.61952773,31530.61515,0
Reed Roman,laoreet.libero@laoreetlectus.com,Anguilla,42.77022205,70651.288,1
September Puckett,tincidunt@consequatpurusMaecenas.net,Kazakhstan,29.77003092,72535.30091,1
Teegan Barr,non.lorem.vitae@eratVivamus.org,Jersey,30.57590597,65742.85485,1
Alexander York,eu.odio.Phasellus@ipsumporta.edu,Ecuador,31.71847222,73046.93514,1
Jared Green,laoreet@sagittis.edu,Macao,41.3595971,73157.84645,1
Eagan Woodward,varius.et@Maecenas.edu,Indonesia,27.29327988,52587.04764,1
Ferdinand Weber,metus.Vivamus@vitaeposuere.org,Suriname,25.79893299,30541.14074,0
Kitra Kerr,scelerisque@Vivamusnon.co.uk,Palau,39.63235688,77245.23475,1
Desirae Stone,Morbi.sit@Aliquamfringilla.ca,Ghana,20.16830065,34498.48512,0
Len Phillips,libero.lacus@Suspendisseseddolor.net,Cameroon,44.46261096,63084.16403,1
Yen Santana,ornare.facilisis@ornarelibero.ca,Myanmar,11.86323919,45622.07974,0
Martina Fuentes,elit@nequeIn.com,Senegal,48.48303164,66439.65064,1
Ariana Nash,vel.turpis.Aliquam@consequatpurus.edu,Central African Republic,18.99824885,50882.23783,0
Glenna Graham,sodales@maurisSuspendisse.com,Bolivia,24.6473139,44289.03237,1
Holmes Lane,ac.orci@accumsaninterdum.co.uk,Laos,28.86364148,55595.28632,0
Emerald Hamilton,sit.amet.orci@facilisis.edu,Egypt,12.86603146,27148.27919,0
Gage Marquez,malesuada.vel@dictum.co.uk,Guam,33.90725189,77611.43395,1
Travis Burks,dictum@liberolacusvarius.ca,Namibia,36.18051977,45151.85867,1
Otto Oneill,arcu.Morbi.sit@elementum.ca,Mozambique,23.35834588,60421.49846,0
Brian Mathews,vulputate.mauris.sagittis@orciluctus.com,Bhutan,30.10873256,54942.84983,1
Ralph Rich,et@tellus.edu,Tuvalu,32.27287963,52020.64822,1
Yasir Tyler,pharetra.sed.hendrerit@adipiscinglobortisrisus.edu,Qatar,38.48352034,44371.60332,1
Dominic Mcintosh,Cras.vehicula@nibhPhasellusnulla.net,Venezuela,32.66177154,75011.15917,1
Tanner Ward,diam@orciUt.ca,Togo,25.91027665,20,0
Wing Gray,urna.nec@tempusscelerisquelorem.org,Nepal,45.86710186,96204.80474,1
Lionel Mcclure,odio.auctor.vitae@placeratorcilacus.edu,Saudi Arabia,41.5015106,65690.972,1
Wing Parks,sagittis@magnased.ca,San Marino,33.52110273,56801.92972,1
Oleg Gordon,Nunc.sollicitudin.commodo@blanditat.co.uk,Saint Lucia,41.69066385,90106.13685,1
Jamal Stephenson,lorem.lorem@in.edu,Vanuatu,34.06031809,55982.97725,1
Kadeem Larsen,ornare.lectus.ante@lectusNullam.net,United Arab Emirates,39.90381939,66293.66642,1
Todd Maldonado,dui.semper.et@aultricies.net,Solomon Islands,36.51682175,88045.21874,1
Victor Yang,arcu.Vivamus.sit@egestasSed.com,Andorra,33.62164706,52347.26828,1
Quamar Cummings,mauris@convallisconvallisdolor.co.uk,Falkland Islands,36.69360676,84819.67172,1
Dominic Hughes,cursus.vestibulum.Mauris@pedenonummy.com,Nepal,47.00291765,67250.42797,1
Lamar Hensley,erat@pedeac.co.uk,Japan,30.78285598,26311.63474,0
Solomon Atkinson,Aliquam@laoreet.net,Israel,40.48817793,63514.82268,1
Dean Snider,tempus@sit.ca,Christmas Island,33.30018535,66605.38717,0
Vernon Kidd,sapien.imperdiet.ornare@vitaeerat.edu,Macedonia,24.35226936,39941.87697,0
Dolan Clayton,justo@est.ca,Liechtenstein,29.22745612,65677.09251,1
Marvin Deleon,lectus.Nullam@congueelitsed.ca,Mayotte,23.40401579,65057.09816,0
Merrill Bailey,natoque.penatibus@nislsem.net,Ecuador,33.65352965,55883.57791,0
Adrian Brock,Cras.lorem@nonvestibulumnec.net,Benin,26.40436992,42014.27794,0
Rigel Craft,diam.eu.dolor@Proin.com,Liechtenstein,39.4479733,81958.84991,1
Chaim Lewis,luctus@ut.org,Liberia,25.31509253,82452.20502,1
Kyle Evans,magnis@vitaenibh.org,Saint Kitts and Nevis,31.93948165,18554.51629,0
Ulysses Craig,sit.amet@orci.ca,Laos,31.26752085,41941.59351,0
Nolan Nixon,arcu@etultricesposuere.co.uk,Iraq,23.29675418,52564.76027,1
Oren Rosario,ultrices.Vivamus.rhoncus@lacusMauris.net,Slovenia,38.22240635,41201.78919,1
Hector Bowers,eget@Morbiquisurna.co.uk,Maldives,37.8973797,60271.28193,1
Tate Molina,erat@sitamet.ca,Qatar,35.83780833,53724.7624,1
Julian Alexander,Integer.id.magna@consequatenimdiam.co.uk,Guinea,17.65202654,44482.22799,0
Lucian Medina,rutrum@temporbibendum.com,Aruba,19.24781562,45527.8159,0
Todd Bass,Lorem.ipsum.dolor@et.edu,Lebanon,23.42955765,26215.84447,0
Mannix Snow,elit@euismodenim.net,Monaco,34.50754444,92847.68696,1
Benedict Serrano,blandit.viverra@mollisDuis.co.uk,Falkland Islands,24.4172577,49660.20116,0
Yoshio Potter,fringilla.cursus.purus@dolorvitae.ca,Martinique,47.53387211,93024.49022,1
Stone Koch,facilisis.Suspendisse@Duissit.ca,Guadeloupe,40.21860981,67491.5973,1
Elliott Horne,sollicitudin.adipiscing.ligula@Sedeu.co.uk,San Marino,24.88002444,45924.57314,0
Tanner Johnson,blandit.at@vulputateullamcorpermagna.org,Kiribati,34.72089246,80745.0096,1
Gabriel Carson,et@venenatis.co.uk,Equatorial Guinea,27.94999848,56403.16861,0
Cain Love,est.mollis.non@placerat.com,South Africa,39.3494331,73499.55253,1
Barry Larsen,Praesent.eu.dui@bibendumsed.com,Wallis and Futuna,36.20948247,59017.36178,1
Lawrence Ryan,condimentum@duilectus.co.uk,Tunisia,29.46850124,69107.48014,1
Allen Burke,eu.ultrices@In.edu,Pakistan,10.50880583,39381.93027,0
Nero Morgan,non.sapien@seddictumeleifend.edu,Bahrain,35.55372033,71109.27378,1
Reuben Holden,pede.nonummy@Vivamusnonlorem.co.uk,Macedonia,27.17818707,54994.54663,0
Orson Hyde,gravida.sit@eget.net,Djibouti,23.49637815,43345.09501,0
Nolan Conner,feugiat@felisNulla.org,Bolivia,25.1426733,55160.31555,0
Stuart Reed,elementum@SeddictumProin.net,Serbia,40.45862297,53966.28251,1
Rashad Harper,auctor@arcuimperdiet.ca,Timor-Leste,38.85740629,55358.81823,1
Dieter Delaney,sit.amet.risus@ipsum.ca,Peru,29.57629817,52826.15594,0
Hop Farley,in@et.co.uk,Austria,30.55713775,92865.05575,1
Darius Herring,imperdiet@sem.edu,"Palestine, State of",30.73058648,47012.72759,0
Baker Saunders,Aliquam.nisl@hendreritidante.org,Lithuania,28.92279322,40110.8134,0
Kermit Fuentes,ac@sedpedeCum.org,Curaçao,35.35945023,69251.82558,1
Marvin Garner,in@sed.org,Djibouti,37.11306409,76221.53777,1
Sebastian Marks,et.eros@feugiatmetussit.net,Zimbabwe,32.60710887,51835.64818,1
Hector Price,Aliquam.nisl@semegetmassa.co.uk,Martinique,48.86155144,73141.85329,1
Holmes Irwin,Nunc.sed.orci@Namligulaelit.net,Mauritius,32.9495012,58244.19389,1
Trevor Faulkner,ut@vitaesodales.net,Uganda,40.51714588,68368.6549,1
Gannon Nguyen,et.rutrum.eu@congue.net,Kenya,50.27275928,75305.25384,1
Quentin Randall,Fusce.aliquet@egetmassa.co.uk,Macao,25.57841409,5205.169899,0
Baker Norton,convallis@purus.net,Jersey,28.55023711,36621.598,0
Hakeem Mendoza,Maecenas@scelerisquelorem.ca,Kuwait,35.8429434,34039.31637,0
Peter Maynard,vel.est.tempor@egetvenenatisa.com,Guinea,30.96784232,73565.31774,0
Devin Humphrey,sodales.Mauris@ametornare.ca,Greece,42.13602953,60260.70944,1
Isaiah Harding,pede.blandit@disparturient.net,Bouvet Island,32.71937249,38368.18895,0
Graiden Powell,pellentesque.tellus@faucibusidlibero.com,Thailand,44.42815308,86895.47551,1
Chancellor Padilla,pharetra@nuncsedlibero.edu,Bahamas,30.63803803,64316.04723,1
Philip Barnes,senectus.et.netus@nibhDonecest.net,Latvia,42.15123912,24325.73874,1
Cameron Cash,auctor@ipsum.org,Hong Kong,56.43468411,60976.07092,1
Eric Green,arcu.vel.quam@magnaPraesentinterdum.co.uk,French Polynesia,41.76876662,47562.9084,1
Tanek Koch,blandit@nunc.org,Sierra Leone,20.28968164,45012.4987,0
Alan Browning,purus@Sed.ca,Åland Islands,35.57647831,83064.95879,1
Phelan Montoya,magna.tellus.faucibus@etmalesuadafames.co.uk,Yemen,25.24975468,30920.79775,0
Chancellor Patel,metus.eu.erat@suscipitnonummy.com,Heard Island and Mcdonald Islands,29.05806625,54969.64104,0
Palmer Cohen,non.leo@mollis.net,"Virgin Islands, British",29.84671247,56665.66203,0
Ahmed Wright,consectetuer@auctorodio.com,Singapore,18.68080454,92596.74719,1
Burton Carroll,rhoncus.id.mollis@Maurisvel.org,Algeria,46.52552514,86554.9597,1
Nero Miranda,semper@vulputateposuere.net,Bhutan,29.82341385,41808.07561,0
Ali Strong,dis.parturient.montes@eratvel.com,Wallis and Futuna,23.65392627,29808.11365,0
Nasim Ryan,est.congue.a@convalliserat.net,Cocos (Keeling) Islands,33.52063994,50888.64318,0
August Duncan,tempor.bibendum@Nuncpulvinar.co.uk,Saint Martin,33.64686463,32293.74616,0
Kieran Gilliam,ac.nulla@consectetueripsumnunc.co.uk,Bolivia,29.30247451,67190.91416,0
Stone Hunt,convallis.erat@eratvel.org,Northern Mariana Islands,46.99520543,89227.57988,1
Malachi Henson,adipiscing.elit@Nunc.com,Croatia,31.47443053,24383.50387,0
Seth Massey,in.aliquet@fermentumvel.com,Jordan,38.32228964,53360.38521,1
Ulric Robles,fringilla@ornare.edu,Malta,51.34216473,45686.28719,1
Gannon Marquez,Aliquam@porttitor.net,Mauritania,10.86485657,15809.81381,0
Marshall Armstrong,ipsum.cursus.vestibulum@a.com,Guyana,24.5302413,52068.02444,0
Christian Huffman,dignissim.Maecenas@tinciduntnuncac.co.uk,Laos,29.45939139,37089.15222,0
Gil Sanders,eu.ultrices@cursuset.net,Haiti,36.59635094,72243.38798,1
Otto Thomas,orci.tincidunt.adipiscing@erat.edu,Cocos (Keeling) Islands,33.43745304,41773.86137,0
Moses Blackburn,et.malesuada.fames@musProin.edu,Madagascar,35.49689126,65822.94645,1
Drake Chen,enim.commodo@consequatenimdiam.com,Faroe Islands,35.82619479,38704.73132,0
Christian Hernandez,dolor@vehiculaPellentesque.co.uk,Kyrgyzstan,40.52309986,77375.0093,1
Jelani F. Pace,Morbi@atarcuVestibulum.co.uk,Saint Barthélemy,22.40054589,48432.0286,0
Tiger I. Melton,rhoncus@nisl.net,Israel,36.04935476,61233.45835,1
Quail D. Horne,sit.amet@FuscemollisDuis.org,Uganda,20.58188709,26876.97102,0
Hammett A. Manning,sapien.cursus.in@netus.edu,Samoa,31.57919656,33465.46151,0
Lamar V. Guthrie,vel@arcuVestibulumante.com,Heard Island and Mcdonald Islands,27.67481322,47816.3245,0
Abra D. Golden,odio@Duis.com,Poland,34.9456435,39815.21162,0
Vaughan L. Mathis,eu@iaculis.org,Bhutan,50.98540223,63695.04722,1
Alfreda V. Harrell,molestie@mi.net,Algeria,28.70941242,62057.62075,0
Nora X. Decker,non.enim@diam.org,Congo (Brazzaville),21.05508222,58088.90129,0
Jeanette Q. Leach,vitae@nisl.net,Liechtenstein,30.26586641,84100.27382,1
Keiko O. Whitaker,est@porttitortellus.com,Timor-Leste,32.32761388,38914.6345,0
Hector F. Leblanc,Curabitur@maurisaliquameu.net,Guernsey,46.63386841,63853.42679,1
Emerald R. Cohen,in.consequat.enim@consectetuer.edu,Sao Tome and Principe,22.43651939,52851.49874,0
Cathleen E. Ortega,lectus@aliquamenim.org,Ghana,17.47609818,41463.9525,0
Velma K. Moses,augue.scelerisque@luctuslobortis.com,Guam,34.90566348,39990.79468,0
Lael W. Sheppard,eu.metus@sodalespurusin.net,Armenia,32.19964896,31284.73469,0
Indigo P. Dejesus,quam.Pellentesque.habitant@felis.com,Cocos (Keeling) Islands,30.56994406,67962.91434,1
Quinlan S. Cantu,pede.Praesent.eu@Aliquam.net,French Polynesia,42.15365266,48446.82703,1
Mariam I. Montgomery,vel.mauris@accumsanneque.co.uk,Grenada,33.73464149,64389.14424,1
Pamela M. Cantu,posuere.enim.nisl@lectusNullam.ca,China,34.84294022,37145.63297,0
Hanna C. Martinez,Maecenas.mi.felis@amet.co.uk,Saint Kitts and Nevis,23.40241842,49708.91303,0
Lynn S. Avery,dui.Suspendisse.ac@Sedegetlacus.net,Venezuela,45.87607348,51288.00576,1
Laurel H. Snow,dui.Suspendisse.ac@tacitisociosqu.org,Andorra,34.18829955,15638.64601,0
Keegan Q. Ramirez,aliquet@volutpatNulla.edu,Yemen,41.69867026,40214.07671,1
Shad K. Hancock,sit.amet@Proin.org,United States,28.37593916,90144.10265,1
Harding E. York,quis.lectus.Nullam@egestas.org,French Polynesia,38.92794505,67626.03408,1
Indira A. Aguilar,erat.Sed.nunc@aneque.ca,"Virgin Islands, United States",29.17618959,37684.86192,0
Bell K. Romero,non.sapien.molestie@rhoncus.edu,Saint Pierre and Miquelon,35.52469589,57641.39309,1
Cassady L. Foreman,magna.Suspendisse@tincidunt.edu,Marshall Islands,44.12167673,55553.57482,1
Samson N. Wagner,magna@sagittisaugueeu.org,Saint Barthélemy,21.21823371,35116.30044,0
Wade O. Diaz,vel.sapien.imperdiet@dolorsit.co.uk,Greece,33.48920433,81823.33964,1
Len B. Finley,dis@dis.edu,Greenland,25.40533124,18541.73459,0
Emerald U. Hanson,dui.quis.accumsan@pedeCrasvulputate.co.uk,United Arab Emirates,26.03915211,74911.04376,1
Cody G. Gill,sagittis.Nullam@acrisus.com,Puerto Rico,37.27361129,51874.97843,1
Kyle R. Kaufman,Morbi.vehicula@mattis.org,Israel,26.78554691,51691.32658,1
Drake D. Gray,orci.consectetuer@porttitor.com,Mauritania,44.23545814,90459.34176,1
Honorato M. Butler,Cum.sociis.natoque@purus.ca,Sao Tome and Principe,33.81681308,46063.71305,0
Tate C. Foster,dignissim.magna@Maurisvel.edu,Viet Nam,44.18591343,65245.87457,1
Zelenia L. Lowe,Nunc.mauris.elit@Curabiturvel.edu,Bermuda,36.45456844,49102.83132,0
Callum U. Sweet,sem.ut@odio.edu,Equatorial Guinea,19.72856219,42876.16824,0
Zane I. Boone,blandit@Cum.edu,Bahrain,31.42337097,63027.65651,1
Timothy J. Terrell,orci@lobortis.com,Laos,50.2276799,31707.31895,0
Zahir A. Estes,eleifend.vitae@Pellentesquehabitantmorbi.ca,Norfolk Island,20.08969059,37750.45054,0
Michelle W. Ryan,ante.lectus@duiCum.net,Italy,31.99610236,42419.65979,0
Serena B. Moody,vitae.risus.Duis@hymenaeos.edu,French Guiana,19.05320743,47550.95534,0
Mark V. Vaughn,Morbi.vehicula@ac.net,Israel,22.95961162,35048.06141,0
Anjolie A. Galloway,consequat.nec.mollis@nec.ca,Marshall Islands,40.5024428,52623.64948,1
Kylee O. Warner,cursus.in@neque.co.uk,China,19.91915277,30201.25465,0
MacKenzie O. Fowler,Aliquam.nec.enim@nec.co.uk,Saint Barthélemy,53.15307881,43293.50716,1
Lana S. Pace,augue@orci.com,Cape Verde,16.27854129,38154.41875,0
Wilma L. Stevenson,non.vestibulum@consectetuer.ca,Sao Tome and Principe,33.58980562,58833.68092,1
Sandra J. Huber,enim@famesac.org,Benin,35.32469121,82283.60789,1
Octavius C. Spencer,Curabitur.consequat@miDuisrisus.com,Bangladesh,27.65961996,19862.40794,0
Brendan G. Kelley,vel@lorem.org,Venezuela,30.98472571,13176.24778,0
Shaeleigh M. Mckenzie,diam.lorem.auctor@estmollisnon.net,Christmas Island,41.62829375,63123.67946,1
Rooney R. Padilla,eu.turpis@accumsansed.co.uk,Philippines,27.57964404,58093.96783,1
Damon K. Boone,nec@ad.net,French Southern Territories,42.91951535,58281.11036,1
Taylor A. Patel,erat.vitae.risus@temporarcu.edu,Jamaica,29.49352162,37611.8378,0
Lillith H. Larsen,dignissim.lacus.Aliquam@maurissapien.com,Thailand,41.70102524,80543.10557,1
Tobias L. Sullivan,tempus.non@nasceturridiculus.ca,Poland,33.52781377,61630.42716,1
Quincy Q. Ayers,nisl.Nulla@Donecelementumlorem.net,Belarus,28.08281725,53879.86493,0
Ulysses X. Burch,Sed.nunc.est@arcuMorbi.edu,Kyrgyzstan,44.63675828,31282.86291,1
Jorden I. Whitley,turpis@orci.com,Italy,39.25055957,42504.88069,1
Heather G. Goodwin,semper.egestas@maurissapien.co.uk,Uganda,53.04942593,73043.34184,1
Yardley W. Jacobson,enim.non.nisi@Ut.net,Saint Pierre and Miquelon,40.26209841,60281.70658,1
Gray F. Walker,lobortis.Class.aptent@iaculis.com,Turkmenistan,24.43384042,20934.75112,0
Piper S. Houston,risus@enimconsequat.org,Pakistan,15.649629,48755.89079,0
Chester X. Carrillo,tempor.erat.neque@ac.com,French Polynesia,29.30805493,38241.22288,0
Nathaniel P. Stephens,Cras.dictum.ultricies@conubia.ca,Guatemala,44.6762203,57217.99963,1
Jennifer C. Williamson,rutrum@fermentumconvallisligula.ca,Paraguay,36.14658099,70163.22831,1
Rae C. Hodge,lacus@massaSuspendisse.ca,Kiribati,44.13742151,59156.44815,1
Urielle M. Contreras,elit.Aliquam.auctor@dolor.org,Bolivia,31.02688687,35341.27149,0
Mechelle W. Stanton,Pellentesque.habitant@auctorquistristique.org,Saint Barthélemy,47.94324542,60416.7033,1
Leila F. Hubbard,ultrices.posuere.cubilia@magnisdis.com,Samoa,44.25040892,79679.1384,1
Tanisha H. Foster,sem.vitae@malesuadafringillaest.net,Andorra,29.46393413,50882.94011,0
Hammett F. Marsh,tempus.scelerisque@maurisaliquam.ca,Iraq,30.68836313,81129.61196,1
Calvin A. Lancaster,ante.bibendum.ullamcorper@fringilla.net,South Africa,41.10234404,82404.98239,1
Rachel H. Ballard,ipsum.leo.elementum@amet.org,Saint Vincent and The Grenadines,18.28599306,33736.54949,0
Solomon P. Randolph,orci.luctus.et@lacus.com,Argentina,42.48956811,68054.34701,1
Kasimir Q. Cherry,risus@in.net,Andorra,18.18128689,76635.48563,0
Dominic I. Faulkner,pharetra.Nam@sociisnatoque.org,Tonga,50.87587787,53562.2263,1
Pascale I. Key,urna.suscipit@enim.ca,Equatorial Guinea,20.49312232,45728.95178,0
Nola L. Sweeney,eu@necmaurisblandit.co.uk,Solomon Islands,28.88082438,37592.77506,0
Clementine X. Powell,quis.pede@Aliquamfringilla.ca,Papua New Guinea,42.0668915,83277.5478,1
Quinlan U. Sears,magna@velarcueu.ca,Canada,26.43984692,42016.00282,0
Odette Q. Sherman,Mauris.molestie@Intincidunt.co.uk,Sierra Leone,28.25136746,57275.72939,1
Kirestin F. Yang,eleifend.egestas.Sed@tempus.net,South Africa,50.04465417,69461.32716,1
Colleen S. Mcguire,tincidunt@Proinsedturpis.edu,Grenada,22.62763449,25031.14849,0
Dennis N. Thompson,vitae.erat@urnaNullamlobortis.ca,Guatemala,46.29400299,51531.08125,1
Lester J. Burch,Nunc.mauris@commodo.com,Turkmenistan,33.05309718,74329.31762,1
Madeson R. Salinas,Cum.sociis.natoque@acnullaIn.edu,"Bonaire, Sint Eustatius and Saba",48.79441333,55633.03835,1
Abigail X. Lindsey,dui@nondui.ca,Croatia,30.38853454,33487.85395,0
Rachel E. Suarez,non.vestibulum.nec@euturpis.co.uk,Guam,27.70683798,48659.56717,0
Derek X. Richards,tincidunt@porttitor.com,Croatia,40.31449815,31624.0643,0
Evangeline G. Cooper,Integer.id.magna@Sedidrisus.org,Saint Barthélemy,23.05456858,37980.92649,0
Kieran G. Justice,in@Sed.co.uk,Samoa,45.49470455,67660.87998,1
Zenia H. Patel,dis@tortor.com,Puerto Rico,38.42240366,60894.22068,0
Michelle R. Burke,dui@justo.ca,Mauritania,36.81948765,75099.42153,1
Florence U. Hunter,diam@tellus.org,Ethiopia,31.36001768,54655.58049,0
Jelani A. Wall,aliquet@Duisa.co.uk,Brazil,11.93126715,54093.63933,0
"England, Abel D.",enim.commodo@parturientmontesnascetur.org,Åland Islands,36.50108189,48317.12764,0
"Oconnor, Linus Q.",Donec.elementum@Fuscemilorem.co.uk,Mayotte,19.29288071,50991.42987,0
"Herman, Griffith P.",ligula.Nullam.enim@nibhlacinia.edu,Liechtenstein,32.23653993,30772.33057,0
"Knapp, Quamar P.",Maecenas.libero.est@miacmattis.com,El Salvador,53.66421559,53210.35911,1
"Chambers, Avram C.",Nunc.pulvinar.arcu@ultricesaauctor.ca,Isle of Man,15.55711844,55052.91079,0
"Cervantes, Rylee Q.",luctus.lobortis.Class@sitametdapibus.co.uk,Gambia,33.89191769,58187.77704,0
"Ashley, Macon Z.",metus.Vivamus.euismod@arcuVivamus.co.uk,Bosnia and Herzegovina,44.0125057,62854.41847,1
"Jimenez, Joel G.",faucibus.lectus.a@ut.net,Iraq,13.21920633,41686.82201,0
"Bond, Caryn Y.",libero.Proin@acnulla.net,Guinea-Bissau,22.46223807,7050.784969,0
"Gross, Cedric D.",aliquam.adipiscing@maurissapien.edu,Bhutan,43.88044794,77371.64859,1
"Dyer, Aline L.",convallis@scelerisque.net,Maldives,29.98847785,77059.75411,1
"Rivers, Sonya A.",vel.lectus@Praesent.net,India,27.02256588,49795.25659,0
"Frazier, Kai O.",Cras@quamelementum.com,Liechtenstein,30.85174103,30562.37087,0
"Bond, Nyssa S.",fringilla.euismod.enim@aauctornon.net,Bolivia,30.96886719,29724.82057,0
"Rush, Jarrod T.",vestibulum.nec.euismod@netusetmalesuada.ca,Mongolia,38.62045462,48343.44301,1
"Stephens, Tanner E.",egestas@turpisnecmauris.com,Mozambique,42.01032189,62045.41804,1
"Cameron, Kimberley P.",nec.tellus@lacinia.co.uk,Namibia,24.63376195,27792.45841,0
"Mcdowell, Victoria J.",risus.Duis@ornareFuscemollis.net,Trinidad and Tobago,13.98085251,45622.74039,0
"Dalton, Grant D.",velit@doloregestas.net,Moldova,46.40316681,56088.84115,1
"Gregory, Reuben Z.",fermentum@blanditviverra.ca,Martinique,28.75506712,69130.79136,1
"Schultz, Lee I.",velit.eget.laoreet@quis.ca,Algeria,18.92994351,64980.5059,0
"Wise, Mechelle E.",est.mollis@dui.ca,Mauritius,35.35770925,25150.48646,0
"Mcclure, Avye L.",dictum@lorem.org,Israel,54.00296923,44373.39815,1
"Livingston, Blaze Y.",montes.nascetur@liberoet.co.uk,Serbia,43.17270876,41033.05234,1
"Fuentes, Dora E.",nonummy@ornareelitelit.org,Sierra Leone,33.99761705,38273.28275,0
"Thompson, Alvin R.",interdum.ligula@Phasellus.edu,Iraq,39.17395344,77900.1814,1
"Armstrong, Hedda N.",magnis.dis@aliquam.org,Equatorial Guinea,36.60819608,65044.06193,1
"Casey, Sylvia E.",Integer.vitae.nibh@a.org,Tanzania,42.90334313,78401.67203,1
"Shaw, Rooney Q.",Curabitur.vel@Nullam.net,Mayotte,37.56686426,40383.55568,0
"Sexton, Shaeleigh H.",Cras.convallis.convallis@Fuscealiquam.net,Niue,7.521479578,22839.25377,0
"Langley, Skyler J.",mi.eleifend.egestas@cursuset.net,Austria,32.45517602,31531.12364,0
"Caldwell, Yolanda F.",ac.facilisis.facilisis@necmalesuada.com,Czech Republic,43.75097505,50777.99687,1
"Olson, Riley O.",ornare.sagittis@hendrerit.ca,Bouvet Island,44.5507249,58598.26795,1
"Irwin, Dillon J.",arcu@dictummiac.edu,Tokelau,29.18929235,52677.4063,0
"Terry, Mollie K.",quam.dignissim.pharetra@aauctornon.ca,Greenland,34.90456885,55864.96434,0
"Hudson, Maxwell F.",metus.eu.erat@non.org,Guernsey,37.21336232,55837.21539,1
"Levy, Irma P.",lacus.varius@sitamet.ca,Saint Kitts and Nevis,34.624829,61696.33363,1
"Brady, Oscar Y.",erat@urnaUttincidunt.com,Rwanda,32.02486996,50527.98716,0
"Dudley, Ryder M.",sed@sedtortor.co.uk,Falkland Islands,37.27845311,50158.74558,0
"Morales, Halla M.",elit.elit.fermentum@erosturpisnon.org,United States Minor Outlying Islands,48.34993054,55006.64006,1
"Holloway, Brennan Q.",fringilla.purus.mauris@risusatfringilla.ca,Morocco,40.28595513,20259.5157,0
"Powers, Naomi B.",Cras.eu@vitaevelitegestas.net,Samoa,31.00919441,51162.99182,0
"Armstrong, Naomi D.",nunc.sed.pede@Quisqueporttitor.net,Colombia,39.85143036,94950.42118,1
"Flores, Caldwell U.",ut@Etiamvestibulum.ca,Western Sahara,33.19606651,89051.9931,1
"Russo, Fleur N.",erat@at.edu,Kuwait,45.66350188,77879.46698,1
"Reese, Sylvia H.",Proin.nisl.sem@Maecenasmalesuada.co.uk,Turks and Caicos Islands,40.62656202,59477.38227,1
"Burke, Simon H.",lacinia@Nullam.com,Morocco,46.72920854,69916.66871,1
"Mayer, Paki D.",Nunc.lectus.pede@egestasrhoncus.com,Somalia,29.0471256,39105.72079,1
"Bush, Jessica C.",dolor.sit.amet@iaculisneceleifend.ca,Micronesia,37.64227835,46736.46328,1
"West, April J.",ante@nisi.org,Marshall Islands,33.52289881,50702.52326,0
"Levy, Wesley S.",facilisis.vitae.orci@sociosquad.co.uk,Dominican Republic,24.65874501,36536.82701,0
"Nieves, Bertha O.",dolor@velitegestas.org,American Samoa,28.37189839,25933.2721,0
"Patrick, Merritt L.",ut@nonummyut.net,United Kingdom (Great Britain),30.39110162,59519.43092,1
"Mcdaniel, Marcia Z.",non.nisi.Aenean@etmagnis.co.uk,Armenia,37.53221982,53040.61263,1
"Ortiz, Drew P.",tincidunt@vel.edu,Seychelles,24.1169889,47698.82505,0
"Oneill, Tiger A.",orci.Phasellus@ut.org,Maldives,29.75877737,30445.16024,0
"Sims, Tashya J.",aliquam@anteNuncmauris.ca,Latvia,33.7387837,70033.40869,1
"Lawrence, Hope Z.",metus.vitae@Morbisitamet.ca,Switzerland,39.60558697,61820.9676,1
"Jenkins, Hasad P.",adipiscing.elit.Aliquam@Utsagittislobortis.co.uk,Saint Martin,37.71334996,55642.79842,1
"Rodriguez, Basia D.",Vestibulum@lobortis.org,Senegal,31.43762441,75520.26306,0
"Blair, Abra U.",montes@Loremipsum.edu,Belize,40.76043056,60965.43123,1
"Rosario, Elijah N.",In@non.com,Grenada,45.91087487,73373.88333,1
"Beach, Victor S.",consequat.auctor@lacuspede.co.uk,Chile,11.45136643,35043.62785,0
"Ruiz, Rafael L.",sed.pede@volutpatNulladignissim.net,Uruguay,36.87391206,87907.98845,1
"Macdonald, Rahim B.",augue.eu@nisi.edu,South Georgia and The South Sandwich Islands,40.12939589,75594.05687,1
"Valdez, Joy U.",lobortis.quam@velarcueu.org,Guinea,20.33250902,38057.40686,0
"Watson, Moana M.",ipsum.Suspendisse@diamDuismi.org,Afghanistan,21.30437048,67168.18267,0
"Cote, Evangeline F.",lorem.tristique.aliquet@estNunclaoreet.net,Belgium,17.09696695,59228.85743,0
"Delgado, Jasper U.",lacinia@posuere.ca,Isle of Man,44.66143743,75426.28108,1
"Hardy, Hilary R.",egestas.Fusce@orciDonecnibh.com,Micronesia,25.36440893,56313.8498,0
"Stafford, Berk Y.",Quisque@ultriciessem.net,Dominican Republic,23.18118891,42332.55293,0
"Daugherty, Veda M.",venenatis.vel.faucibus@iaculisnec.net,Guinea,26.91349534,61418.44776,0
"Harmon, David N.",aliquet.diam.Sed@posuere.org,Curaçao,34.24962705,40972.9123,0
"Houston, Grant O.",ut.aliquam@egetlacusMauris.ca,Bermuda,27.57637846,65851.62993,0
"Collier, Xerxes Q.",eu@magnaLorem.org,Lithuania,33.83980411,19031.97337,0
"Lewis, Jackson U.",pellentesque.a.facilisis@nonlacinia.co.uk,Afghanistan,32.97825505,80711.85393,1
"Smith, Nola H.",orci.lacus.vestibulum@gravidasit.co.uk,Saint Vincent and The Grenadines,31.58481471,29424.29185,0
"Jensen, Ebony Y.",ac@sagittisNullam.net,Portugal,33.14470329,82693.81352,1
"Kim, Claudia W.",sit.amet@dignissimmagnaa.edu,Macao,18.76607147,39413.96102,0
"Livingston, Lucas K.",porttitor.scelerisque@Aliquam.ca,Uruguay,38.79643427,73002.16591,1
"Bradford, Daquan F.",Nunc@euarcuMorbi.ca,United States,35.83440101,55333.72664,1
"Park, Quincy A.",amet.consectetuer@orciinconsequat.ca,Antarctica,42.64483954,69262.6286,1
"Dillon, Lynn W.",ornare.egestas.ligula@urnaVivamusmolestie.com,Western Sahara,34.09821207,74668.66232,1
"Blackburn, Joel Y.",semper@tristique.co.uk,"Korea, South",26.34016966,37225.21844,0
"Sanders, Selma F.",velit.Pellentesque@Nullam.org,Syria,43.14099792,63831.93519,1
"Solis, Melissa T.",placerat.eget@placeratorcilacus.com,Saint Vincent and The Grenadines,29.48842788,25982.67553,0
"Holmes, Ross Y.",velit@Pellentesquetincidunttempus.net,Bulgaria,20.92704222,48451.7856,0
"Sutton, Michelle D.",enim.Mauris@Namac.net,Madagascar,26.61900178,76505.55871,1
"Munoz, Kennedy K.",dolor@nislelementumpurus.edu,Bouvet Island,51.51373412,72735.56023,1
"Little, Hayley R.",nunc.est@purusmaurisa.co.uk,Cayman Islands,39.36122677,80909.18343,1
"Church, Lareina E.",lectus.rutrum.urna@nisinibh.co.uk,Honduras,27.67047952,3993.153747,0
"Wolf, Tashya X.",nulla.Integer.vulputate@eutelluseu.edu,Anguilla,30.19356195,43821.76063,0
"Barr, Hyatt D.",sem@odiovel.edu,Mexico,41.60560417,80805.68501,1
"Hopper, Orson W.",luctus@magnaseddui.net,Tunisia,16.29734205,32920.52221,0
"Decker, Jolie T.",pellentesque.massa.lobortis@facilisis.net,Kyrgyzstan,26.29833023,65398.52328,1
"Chaney, Reuben I.",Integer@vulputate.net,Saint Pierre and Miquelon,36.49810201,94315.45705,1
"Ross, Kermit D.",Donec@lacusQuisquepurus.net,Australia,43.32183993,59946.71382,1
"Hampton, Venus Q.",elit@faucibusMorbivehicula.net,Guadeloupe,34.96225782,60074.23744,1
"Chavez, Ralph U.",Aenean@interdum.edu,Tuvalu,24.09295207,18907.67275,0
"Whitaker, Adena B.",pharetra.sed.hendrerit@accumsanneque.com,Equatorial Guinea,35.09745796,69637.1438,1
Nola,elit@Fuscealiquamenim.ca,Montenegro,39.46152608,33843.65733,0
Melodie,facilisi.Sed@tortordictum.com,"Korea, South",40.14642195,74444.75049,1
Seth,dignissim@nibhPhasellus.com,Turks and Caicos Islands,28.14906144,62880.73548,0
Kyra,Etiam@diamluctus.org,Portugal,30.14597023,20207.60224,0
Caldwell,amet@congue.edu,Iceland,27.729903,47093.54153,0
Benjamin,nisi.Mauris.nulla@vitaeodiosagittis.ca,Faroe Islands,23.97301292,25710.85639,0
Florence,eros@faucibus.com,"Virgin Islands, British",30.9168263,19123.46645,0
Oleg,Aenean.gravida@mifelis.com,Tuvalu,25.55175563,21076.6039,0
Donovan,iaculis.odio.Nam@sedfacilisis.org,Saint Vincent and The Grenadines,38.24601461,95100.12241,1
Blaze,vitae.semper.egestas@montesnascetur.co.uk,Costa Rica,37.30361744,62052.98005,1
Illana,mi.pede.nonummy@euismodetcommodo.org,Bahamas,25.7092621,55564.87609,0
Yvette,justo@pedeCras.ca,Brazil,38.61871867,58365.20993,1
Walter,metus.vitae.velit@CuraePhasellus.co.uk,Antarctica,20.99302096,36171.35476,0
Dexter,est.arcu@in.org,Senegal,25.20740109,77888.10467,1
Cameran,tristique@ligulaAliquam.net,Mauritania,29.72182064,77240.46172,1
Penelope,vestibulum@metus.org,Luxembourg,35.93273724,31644.00077,0
Hyatt,erat.Vivamus@ligula.co.uk,Algeria,49.55621717,66154.72594,1
Stone,neque.non@iaculisaliquet.edu,Colombia,35.76666566,85662.40666,1
Irma,placerat.eget.venenatis@elitpharetraut.edu,Jersey,27.90834531,39615.39152,0
Josiah,Phasellus@Aliquamadipiscing.co.uk,Bolivia,44.88825392,54682.88337,1
Nathan,Nam.interdum.enim@et.com,Isle of Man,36.05706317,50105.87508,1
Stacy,aliquet.odio@fermentumvel.edu,Belarus,34.48563345,22604.41437,0
Kane,iaculis.quis.pede@adipiscingenim.net,Slovakia,37.52890362,62850.32493,1
Reed,diam.nunc@lectusconvallisest.org,Kuwait,23.09003029,40648.69387,0
Lani,odio.Phasellus@fringilla.co.uk,Congo (Brazzaville),30.17279255,18776.95702,0
Curran,risus@Sedmalesuada.net,Tokelau,43.18668883,90494.10636,1
Rhonda,Sed.congue.elit@faucibusleo.ca,Hungary,46.45307621,70486.66355,1
Leroy,arcu.et.pede@Morbinequetellus.org,Mauritania,35.3132725,54846.03473,1
Adrienne,mauris.Morbi@ligulatortordictum.net,Kyrgyzstan,30.22307944,33466.30451,0
Aileen,venenatis.lacus@nuncQuisque.edu,Chile,44.54663012,65083.77358,1
Rafael,nonummy.Fusce@sem.net,Angola,25.25417658,44756.53074,0
Olivia,lacus.vestibulum.lorem@gravidaAliquamtincidunt.ca,Grenada,31.18195695,60772.42476,0
Hiram,ipsum.non.arcu@placeratorci.com,Belize,42.25334417,66564.03572,1
Jelani,consectetuer.adipiscing.elit@vestibulumneceuismod.net,Bangladesh,30.29053728,65131.99741,0
Madeson,libero.et@Crasdictum.ca,Christmas Island,29.75176871,53557.34934,0
Uriah,molestie@commodoauctorvelit.co.uk,Niger,35.65282431,76490.7446,1
Brady,massa@nec.co.uk,Malta,13.19405478,24231.08764,0
Denise,montes@inconsectetuer.edu,Niue,25.39128301,47645.93318,0
Lyle,nascetur@amet.org,New Caledonia,38.68266947,43236.50484,0
Victor,lectus.a@nonhendreritid.org,Armenia,38.61419821,67135.16871,1
Demetria,Donec.at@sedlibero.net,Slovakia,34.74971308,49052.90389,1
Ora,bibendum.Donec.felis@liberoestcongue.org,Uruguay,29.40131806,50778.33901,0
Trevor,Sed@Pellentesquetincidunttempus.edu,Chile,29.45457773,14007.79797,0
Kristen,urna@vitaeodiosagittis.ca,Egypt,33.23174574,33779.10616,0
Aristotle,ac@non.com,Namibia,7.764372756,34221.11509,0
Camden,Aliquam.adipiscing.lobortis@loremut.net,Congo (Brazzaville),21.37382972,38861.60002,1
Urielle,est.congue@Nunc.edu,Canada,24.70961882,69670.8045,1
Jolene,erat.neque.non@elit.com,Viet Nam,32.95026007,43135.13923,0
Holly,accumsan@parturientmontes.net,Micronesia,28.92180065,27512.08959,0
Wayne,molestie.orci@condimentum.com,Cape Verde,31.81315302,35699.68907,0
Judith,vel.nisl.Quisque@mollisPhasellus.co.uk,Poland,27.33955071,41556.96233,0
Dennis,nunc.nulla.vulputate@dignissimmagnaa.edu,Haiti,36.99922381,44968.82166,0
Kaitlin,parturient@Nuncsollicitudincommodo.co.uk,French Southern Territories,33.80063857,45502.977,0
Harriet,amet.orci@tellus.net,Mali,35.30652127,12318.96493,0
Tatyana,sem@parturientmontesnascetur.net,Norfolk Island,29.15665408,39394.28363,0
Paula,Nam@enimmitempor.com,Northern Mariana Islands,37.58581197,23774.11863,0
Tamekah,ut.pharetra@ametultricies.net,Costa Rica,37.08510495,91568.97221,1
Brandon,non@purusaccumsaninterdum.com,Suriname,15.04834636,97646.22035,0
Veda,et.euismod@Duis.co.uk,Luxembourg,25.36680843,37192.01715,0
Seth,Nulla.aliquet@sedturpisnec.co.uk,Bosnia and Herzegovina,36.3245104,76548.15257,1
Kai,velit@molestie.com,Greenland,36.91958559,61668.55977,1
Piper,erat.neque@mattisvelitjusto.org,Malawi,27.45548652,40106.60547,0
Hillary,ut.mi.Duis@quisarcu.com,South Sudan,37.74954941,73687.47697,1
Francis,Phasellus@estcongue.ca,Solomon Islands,22.90453299,34498.65896,0
Rogan,pulvinar@porttitortellus.ca,Jamaica,37.17328096,63100.67245,1
Kyle,a.feugiat@enimnisl.com,Papua New Guinea,49.96873255,71843.97055,1
Vaughan,Aliquam@aaliquet.com,Ukraine,44.50020647,52140.28407,1
India,risus.at.fringilla@feugiat.ca,Nigeria,38.00507269,63004.54187,1
Edward,rutrum.urna@faucibusidlibero.co.uk,Greenland,26.54174275,50967.98785,0
Laurel,felis@orciconsectetuereuismod.ca,India,41.69752746,54520.98718,1
Igor,Proin.eget@aliquetnecimperdiet.org,Grenada,30.43403507,40446.84799,0
Diana,purus.ac.tellus@parturientmontesnascetur.org,Guadeloupe,28.27433859,82395.63688,1
Todd,egestas.a@vel.ca,New Zealand,40.7362791,35323.20101,1
Zephania,montes@sedsem.ca,Malawi,23.55667566,43072.56754,0
Brock,Vivamus.nisi@elitpharetraut.ca,United States Minor Outlying Islands,37.84307263,57841.3598,0
Avye,Cras@eros.net,Armenia,44.89346691,71840.40455,1
Serena,odio.Nam@estac.ca,Northern Mariana Islands,23.27728171,40765.04379,0
Barclay,diam.Proin@ut.edu,"Saint Helena, Ascension and Tristan da Cunha",37.01489532,73057.24451,1
Isabella,et.magnis@necmetus.ca,Turkey,25.08761701,61653.38311,0
Mia,sed.est@afelisullamcorper.edu,Turkmenistan,20.70610068,7147.723544,0
Chester,Integer@odioauctor.co.uk,Jamaica,42.19027936,48020.56799,1
Isaac,pretium.aliquet.metus@pretiumneque.com,Saint Kitts and Nevis,42.88529723,58162.28499,1
Heather,erat.Etiam@elementum.org,Madagascar,22.4394882,35917.84819,0
Justine,orci.adipiscing@penatibuset.com,Venezuela,37.67405831,62034.48602,1
Bert,sem.Pellentesque@quis.net,Israel,20.42089217,40114.15621,0
Gil,Phasellus.fermentum@dictumplacerataugue.net,France,36.90237773,32583.02418,0
Dolan,ipsum.Phasellus@egestasblanditNam.edu,Yemen,33.34903685,52020.91646,1
Cheryl,iaculis.enim@nislelementum.edu,Indonesia,41.54430438,55792.69851,1
Courtney,porttitor.tellus@elitelit.org,Malaysia,43.28158641,54123.6465,1
Neville,felis.Nulla@mi.ca,Mauritania,24.33105444,59873.517,0
Gloria,Curabitur.egestas.nunc@fermentumfermentum.ca,Gambia,23.86537076,23439.86782,0
Jonah,augue@risusNuncac.co.uk,Myanmar,34.8283033,50151.32622,1
Merrill,dolor.sit@turpisIn.com,Egypt,37.17321553,63750.41558,1
Nolan,Donec.at@neccursus.co.uk,Latvia,5,47329.56584,0
Winter,egestas.urna.justo@maurissagittis.edu,Wallis and Futuna,24.61522753,34721.74862,0
Rigel,egestas.blandit.Nam@semvitaealiquam.com,Sao Tome and Principe,19.22274647,44969.13495,0
Walter,ligula@Cumsociis.ca,Nepal,22.66566158,41686.20425,0
Vanna,Cum.sociis.natoque@Sedmolestie.edu,Zimbabwe,35.32023874,23989.80864,0
Pearl,penatibus.et@massanonante.com,Philippines,26.53917023,31708.57054,0
Nell,Quisque.varius@arcuVivamussit.net,Botswana,32.38614783,74331.35442,1
